{
  "file": "00499.jpg",
  "num_classes": 1,
  "segments": [
    {
      "class_id": 1,
      "area": 262130,
      "pred_iou": 1.034706950187683,
      "stability_score": 0.9997482299804688,
      "bbox_xywh": [
        0,
        0,
        511,
        511
      ]
    }
  ]
}