{
  "file": "00501.jpg",
  "num_classes": 1,
  "segments": [
    {
      "class_id": 1,
      "area": 262125,
      "pred_iou": 1.0167964696884155,
      "stability_score": 0.9937744140625,
      "bbox_xywh": [
        0,
        0,
        511,
        511
      ]
    }
  ]
}