{
  "file": "00636.jpg",
  "num_classes": 1,
  "segments": [
    {
      "class_id": 1,
      "area": 262144,
      "pred_iou": 1.0327414274215698,
      "stability_score": 0.99969482421875,
      "bbox_xywh": [
        0,
        0,
        511,
        511
      ]
    }
  ]
}