{
  "file": "00634.jpg",
  "num_classes": 3,
  "segments": [
    {
      "class_id": 1,
      "area": 262144,
      "pred_iou": 1.0316685438156128,
      "stability_score": 0.9997787475585938,
      "bbox_xywh": [
        0,
        0,
        511,
        511
      ]
    },
    {
      "class_id": 2,
      "area": 59,
      "pred_iou": 0.920693576335907,
      "stability_score": 0.9833333492279053,
      "bbox_xywh": [
        368,
        366,
        7,
        8
      ]
    },
    {
      "class_id": 3,
      "area": 39,
      "pred_iou": 0.882240891456604,
      "stability_score": 0.9743589758872986,
      "bbox_xywh": [
        390,
        387,
        4,
        8
      ]
    }
  ]
}