{
  "file": "01179.jpg",
  "num_classes": 3,
  "segments": [
    {
      "class_id": 1,
      "area": 262143,
      "pred_iou": 1.0154327154159546,
      "stability_score": 0.9991493225097656,
      "bbox_xywh": [
        0,
        0,
        511,
        511
      ]
    },
    {
      "class_id": 2,
      "area": 65374,
      "pred_iou": 1.0028988122940063,
      "stability_score": 0.9460340738296509,
      "bbox_xywh": [
        0,
        379,
        511,
        132
      ]
    },
    {
      "class_id": 3,
      "area": 5,
      "pred_iou": 0.8919159173965454,
      "stability_score": 1.0,
      "bbox_xywh": [
        87,
        376,
        2,
        2
      ]
    }
  ]
}