{
  "file": "01187.jpg",
  "num_classes": 1,
  "segments": [
    {
      "class_id": 1,
      "area": 262135,
      "pred_iou": 1.033772587776184,
      "stability_score": 0.9976005554199219,
      "bbox_xywh": [
        0,
        0,
        511,
        511
      ]
    }
  ]
}