{
  "file": "01185.jpg",
  "num_classes": 2,
  "segments": [
    {
      "class_id": 1,
      "area": 262128,
      "pred_iou": 1.0320039987564087,
      "stability_score": 0.9995460510253906,
      "bbox_xywh": [
        0,
        0,
        511,
        511
      ]
    },
    {
      "class_id": 2,
      "area": 68005,
      "pred_iou": 0.9959036111831665,
      "stability_score": 0.9393818378448486,
      "bbox_xywh": [
        0,
        370,
        511,
        141
      ]
    }
  ]
}