{
  "file": "01183.jpg",
  "num_classes": 4,
  "segments": [
    {
      "class_id": 1,
      "area": 262123,
      "pred_iou": 1.031190037727356,
      "stability_score": 0.9995460510253906,
      "bbox_xywh": [
        0,
        0,
        511,
        511
      ]
    },
    {
      "class_id": 2,
      "area": 66581,
      "pred_iou": 1.0059620141983032,
      "stability_score": 0.9370394349098206,
      "bbox_xywh": [
        0,
        371,
        511,
        140
      ]
    },
    {
      "class_id": 3,
      "area": 5,
      "pred_iou": 0.880434513092041,
      "stability_score": 1.0,
      "bbox_xywh": [
        87,
        375,
        2,
        2
      ]
    },
    {
      "class_id": 4,
      "area": 3,
      "pred_iou": 0.8743671774864197,
      "stability_score": 1.0,
      "bbox_xywh": [
        88,
        376,
        1,
        1
      ]
    }
  ]
}