{
  "file": "01189.jpg",
  "num_classes": 1,
  "segments": [
    {
      "class_id": 1,
      "area": 262142,
      "pred_iou": 1.0319581031799316,
      "stability_score": 0.9994544982910156,
      "bbox_xywh": [
        0,
        0,
        511,
        511
      ]
    }
  ]
}