{
  "file": "01191.jpg",
  "num_classes": 1,
  "segments": [
    {
      "class_id": 1,
      "area": 262144,
      "pred_iou": 1.025765061378479,
      "stability_score": 0.9996490478515625,
      "bbox_xywh": [
        0,
        0,
        511,
        511
      ]
    }
  ]
}