{
  "file": "01192.jpg",
  "num_classes": 1,
  "segments": [
    {
      "class_id": 1,
      "area": 262144,
      "pred_iou": 1.0384474992752075,
      "stability_score": 0.9994239807128906,
      "bbox_xywh": [
        0,
        0,
        511,
        511
      ]
    }
  ]
}