{
  "file": "01987.jpg",
  "num_classes": 2,
  "segments": [
    {
      "class_id": 1,
      "area": 261876,
      "pred_iou": 1.04318106174469,
      "stability_score": 0.9992631673812866,
      "bbox_xywh": [
        0,
        0,
        511,
        511
      ]
    },
    {
      "class_id": 2,
      "area": 171,
      "pred_iou": 0.9360940456390381,
      "stability_score": 0.977011501789093,
      "bbox_xywh": [
        441,
        368,
        13,
        16
      ]
    }
  ]
}