{
  "file": "01991.jpg",
  "num_classes": 3,
  "segments": [
    {
      "class_id": 1,
      "area": 261918,
      "pred_iou": 1.0243653059005737,
      "stability_score": 0.9986111521720886,
      "bbox_xywh": [
        0,
        0,
        511,
        511
      ]
    },
    {
      "class_id": 2,
      "area": 247,
      "pred_iou": 0.9197791814804077,
      "stability_score": 0.9798387289047241,
      "bbox_xywh": [
        438,
        368,
        16,
        17
      ]
    },
    {
      "class_id": 3,
      "area": 142,
      "pred_iou": 0.8952012658119202,
      "stability_score": 0.9586206674575806,
      "bbox_xywh": [
        442,
        369,
        12,
        15
      ]
    }
  ]
}