{
  "file": "02108.jpg",
  "num_classes": 2,
  "segments": [
    {
      "class_id": 1,
      "area": 262141,
      "pred_iou": 1.033681035041809,
      "stability_score": 0.9994468688964844,
      "bbox_xywh": [
        0,
        0,
        511,
        511
      ]
    },
    {
      "class_id": 2,
      "area": 45,
      "pred_iou": 0.8976004719734192,
      "stability_score": 0.936170220375061,
      "bbox_xywh": [
        353,
        65,
        7,
        7
      ]
    }
  ]
}