{
  "file": "02107.jpg",
  "num_classes": 1,
  "segments": [
    {
      "class_id": 1,
      "area": 262144,
      "pred_iou": 1.0326623916625977,
      "stability_score": 0.9999809265136719,
      "bbox_xywh": [
        0,
        0,
        511,
        511
      ]
    }
  ]
}