{
  "file": "02401.jpg",
  "num_classes": 2,
  "segments": [
    {
      "class_id": 1,
      "area": 262144,
      "pred_iou": 1.0271555185317993,
      "stability_score": 0.9999847412109375,
      "bbox_xywh": [
        0,
        0,
        511,
        511
      ]
    },
    {
      "class_id": 2,
      "area": 79,
      "pred_iou": 0.9312628507614136,
      "stability_score": 0.9620253443717957,
      "bbox_xywh": [
        417,
        179,
        8,
        10
      ]
    }
  ]
}