{
  "file": "02989.jpg",
  "num_classes": 1,
  "segments": [
    {
      "class_id": 1,
      "area": 260522,
      "pred_iou": 1.0213890075683594,
      "stability_score": 0.9945062398910522,
      "bbox_xywh": [
        0,
        1,
        511,
        508
      ]
    }
  ]
}