{
  "file": "02987.jpg",
  "num_classes": 1,
  "segments": [
    {
      "class_id": 1,
      "area": 260518,
      "pred_iou": 1.021321415901184,
      "stability_score": 0.9945099949836731,
      "bbox_xywh": [
        0,
        1,
        511,
        508
      ]
    }
  ]
}