{
  "file": "02990.jpg",
  "num_classes": 1,
  "segments": [
    {
      "class_id": 1,
      "area": 260253,
      "pred_iou": 1.0390413999557495,
      "stability_score": 0.9950302839279175,
      "bbox_xywh": [
        0,
        1,
        511,
        508
      ]
    }
  ]
}