{
  "file": "02991.jpg",
  "num_classes": 1,
  "segments": [
    {
      "class_id": 1,
      "area": 260531,
      "pred_iou": 1.0216134786605835,
      "stability_score": 0.994551956653595,
      "bbox_xywh": [
        0,
        1,
        511,
        508
      ]
    }
  ]
}