{
  "file": "03163.jpg",
  "num_classes": 1,
  "segments": [
    {
      "class_id": 1,
      "area": 261943,
      "pred_iou": 1.0325883626937866,
      "stability_score": 0.9991298913955688,
      "bbox_xywh": [
        0,
        0,
        511,
        511
      ]
    }
  ]
}