{
  "file": "03162.jpg",
  "num_classes": 1,
  "segments": [
    {
      "class_id": 1,
      "area": 262039,
      "pred_iou": 1.030160665512085,
      "stability_score": 0.9990997314453125,
      "bbox_xywh": [
        0,
        0,
        511,
        511
      ]
    }
  ]
}