{
  "file": "03564.jpg",
  "num_classes": 1,
  "segments": [
    {
      "class_id": 1,
      "area": 262132,
      "pred_iou": 1.0318763256072998,
      "stability_score": 0.9995346069335938,
      "bbox_xywh": [
        0,
        0,
        511,
        511
      ]
    }
  ]
}