{
  "file": "04338.jpg",
  "num_classes": 4,
  "segments": [
    {
      "class_id": 1,
      "area": 262144,
      "pred_iou": 1.0342046022415161,
      "stability_score": 0.9998970031738281,
      "bbox_xywh": [
        0,
        0,
        511,
        511
      ]
    },
    {
      "class_id": 2,
      "area": 444,
      "pred_iou": 0.9202448129653931,
      "stability_score": 0.9603524208068848,
      "bbox_xywh": [
        162,
        345,
        26,
        18
      ]
    },
    {
      "class_id": 3,
      "area": 300,
      "pred_iou": 0.9346703290939331,
      "stability_score": 0.9704918265342712,
      "bbox_xywh": [
        163,
        350,
        24,
        13
      ]
    },
    {
      "class_id": 4,
      "area": 292,
      "pred_iou": 0.9704634547233582,
      "stability_score": 0.9762712121009827,
      "bbox_xywh": [
        89,
        359,
        30,
        11
      ]
    }
  ]
}