{
  "file": "04637.jpg",
  "num_classes": 2,
  "segments": [
    {
      "class_id": 1,
      "area": 262144,
      "pred_iou": 1.0247629880905151,
      "stability_score": 0.9999809265136719,
      "bbox_xywh": [
        0,
        0,
        511,
        511
      ]
    },
    {
      "class_id": 2,
      "area": 320,
      "pred_iou": 0.9389405250549316,
      "stability_score": 0.9567901492118835,
      "bbox_xywh": [
        14,
        279,
        12,
        30
      ]
    }
  ]
}