{
  "file": "04845.jpg",
  "num_classes": 4,
  "segments": [
    {
      "class_id": 1,
      "area": 171643,
      "pred_iou": 1.0009783506393433,
      "stability_score": 0.9353035092353821,
      "bbox_xywh": [
        0,
        0,
        511,
        511
      ]
    },
    {
      "class_id": 2,
      "area": 83251,
      "pred_iou": 0.999323844909668,
      "stability_score": 0.9783127903938293,
      "bbox_xywh": [
        0,
        56,
        288,
        455
      ]
    },
    {
      "class_id": 3,
      "area": 14282,
      "pred_iou": 0.9791626334190369,
      "stability_score": 0.9701595902442932,
      "bbox_xywh": [
        299,
        418,
        212,
        93
      ]
    },
    {
      "class_id": 4,
      "area": 266,
      "pred_iou": 0.9049360752105713,
      "stability_score": 0.9778597950935364,
      "bbox_xywh": [
        369,
        382,
        20,
        15
      ]
    }
  ]
}