{
  "file": "04909.jpg",
  "num_classes": 2,
  "segments": [
    {
      "class_id": 1,
      "area": 262022,
      "pred_iou": 1.0289026498794556,
      "stability_score": 0.998779296875,
      "bbox_xywh": [
        0,
        0,
        511,
        511
      ]
    },
    {
      "class_id": 2,
      "area": 21892,
      "pred_iou": 0.9794508218765259,
      "stability_score": 0.929125189781189,
      "bbox_xywh": [
        0,
        409,
        253,
        102
      ]
    }
  ]
}