{
  "file": "05091.jpg",
  "num_classes": 1,
  "segments": [
    {
      "class_id": 1,
      "area": 262144,
      "pred_iou": 1.0336756706237793,
      "stability_score": 0.9999732971191406,
      "bbox_xywh": [
        0,
        0,
        511,
        511
      ]
    }
  ]
}