{
  "file": "05092.jpg",
  "num_classes": 1,
  "segments": [
    {
      "class_id": 1,
      "area": 262144,
      "pred_iou": 1.0240048170089722,
      "stability_score": 0.9999275207519531,
      "bbox_xywh": [
        0,
        0,
        511,
        511
      ]
    }
  ]
}