{
  "file": "05093.jpg",
  "num_classes": 1,
  "segments": [
    {
      "class_id": 1,
      "area": 262144,
      "pred_iou": 1.0297181606292725,
      "stability_score": 0.9999961853027344,
      "bbox_xywh": [
        0,
        0,
        511,
        511
      ]
    }
  ]
}