{
  "file": "05094.jpg",
  "num_classes": 1,
  "segments": [
    {
      "class_id": 1,
      "area": 262144,
      "pred_iou": 1.02353835105896,
      "stability_score": 0.9998626708984375,
      "bbox_xywh": [
        0,
        0,
        511,
        511
      ]
    }
  ]
}