{
  "file": "05090.jpg",
  "num_classes": 1,
  "segments": [
    {
      "class_id": 1,
      "area": 262144,
      "pred_iou": 1.0315513610839844,
      "stability_score": 0.9998741149902344,
      "bbox_xywh": [
        0,
        0,
        511,
        511
      ]
    }
  ]
}