{
  "file": "05435.jpg",
  "num_classes": 2,
  "segments": [
    {
      "class_id": 1,
      "area": 261369,
      "pred_iou": 1.0380059480667114,
      "stability_score": 0.9992846250534058,
      "bbox_xywh": [
        0,
        0,
        511,
        511
      ]
    },
    {
      "class_id": 2,
      "area": 648,
      "pred_iou": 0.9794682264328003,
      "stability_score": 0.9831804037094116,
      "bbox_xywh": [
        144,
        90,
        34,
        23
      ]
    }
  ]
}