{
  "file": "05604.jpg",
  "num_classes": 2,
  "segments": [
    {
      "class_id": 1,
      "area": 262144,
      "pred_iou": 1.0302231311798096,
      "stability_score": 0.9993972778320312,
      "bbox_xywh": [
        0,
        0,
        511,
        511
      ]
    },
    {
      "class_id": 2,
      "area": 418,
      "pred_iou": 0.8637603521347046,
      "stability_score": 0.9531615972518921,
      "bbox_xywh": [
        234,
        129,
        25,
        22
      ]
    }
  ]
}