{
  "file": "06130.jpg",
  "num_classes": 1,
  "segments": [
    {
      "class_id": 1,
      "area": 262144,
      "pred_iou": 1.0333962440490723,
      "stability_score": 0.9998855590820312,
      "bbox_xywh": [
        0,
        0,
        511,
        511
      ]
    }
  ]
}