{
  "file": "06132.jpg",
  "num_classes": 1,
  "segments": [
    {
      "class_id": 1,
      "area": 262120,
      "pred_iou": 1.0345758199691772,
      "stability_score": 0.9997444152832031,
      "bbox_xywh": [
        0,
        0,
        511,
        511
      ]
    }
  ]
}