{
  "file": "06343.jpg",
  "num_classes": 1,
  "segments": [
    {
      "class_id": 1,
      "area": 262144,
      "pred_iou": 1.0273011922836304,
      "stability_score": 0.9999885559082031,
      "bbox_xywh": [
        0,
        0,
        511,
        511
      ]
    }
  ]
}