{
  "file": "06696.jpg",
  "num_classes": 1,
  "segments": [
    {
      "class_id": 1,
      "area": 262144,
      "pred_iou": 1.0289223194122314,
      "stability_score": 0.9999618530273438,
      "bbox_xywh": [
        0,
        0,
        511,
        511
      ]
    }
  ]
}