{
  "file": "06697.jpg",
  "num_classes": 1,
  "segments": [
    {
      "class_id": 1,
      "area": 262144,
      "pred_iou": 1.0272361040115356,
      "stability_score": 0.9999465942382812,
      "bbox_xywh": [
        0,
        0,
        511,
        511
      ]
    }
  ]
}