{
  "file": "07244.jpg",
  "num_classes": 4,
  "segments": [
    {
      "class_id": 1,
      "area": 261727,
      "pred_iou": 1.0585665702819824,
      "stability_score": 0.9980303049087524,
      "bbox_xywh": [
        0,
        0,
        511,
        511
      ]
    },
    {
      "class_id": 2,
      "area": 154126,
      "pred_iou": 0.9563822746276855,
      "stability_score": 0.9272902011871338,
      "bbox_xywh": [
        199,
        0,
        312,
        511
      ]
    },
    {
      "class_id": 3,
      "area": 3318,
      "pred_iou": 0.9468851685523987,
      "stability_score": 0.9350422620773315,
      "bbox_xywh": [
        99,
        122,
        32,
        118
      ]
    },
    {
      "class_id": 4,
      "area": 377,
      "pred_iou": 0.9865556955337524,
      "stability_score": 0.9946949481964111,
      "bbox_xywh": [
        420,
        202,
        26,
        13
      ]
    }
  ]
}