{
  "file": "07830.jpg",
  "num_classes": 2,
  "segments": [
    {
      "class_id": 1,
      "area": 262144,
      "pred_iou": 1.0206682682037354,
      "stability_score": 0.9999008178710938,
      "bbox_xywh": [
        0,
        0,
        511,
        511
      ]
    },
    {
      "class_id": 2,
      "area": 493,
      "pred_iou": 0.9286431074142456,
      "stability_score": 0.9641434550285339,
      "bbox_xywh": [
        207,
        480,
        46,
        13
      ]
    }
  ]
}