{
  "file": "08498.jpg",
  "num_classes": 1,
  "segments": [
    {
      "class_id": 1,
      "area": 262143,
      "pred_iou": 1.024395227432251,
      "stability_score": 0.9996604919433594,
      "bbox_xywh": [
        0,
        0,
        511,
        511
      ]
    }
  ]
}