{
  "file": "08502.jpg",
  "num_classes": 1,
  "segments": [
    {
      "class_id": 1,
      "area": 262142,
      "pred_iou": 1.0247416496276855,
      "stability_score": 0.9994926452636719,
      "bbox_xywh": [
        0,
        0,
        511,
        511
      ]
    }
  ]
}