{
  "file": "08522.jpg",
  "num_classes": 1,
  "segments": [
    {
      "class_id": 1,
      "area": 262144,
      "pred_iou": 1.0434798002243042,
      "stability_score": 0.9998016357421875,
      "bbox_xywh": [
        0,
        0,
        511,
        511
      ]
    }
  ]
}