{
  "file": "08523.jpg",
  "num_classes": 1,
  "segments": [
    {
      "class_id": 1,
      "area": 262121,
      "pred_iou": 1.0316015481948853,
      "stability_score": 0.999359130859375,
      "bbox_xywh": [
        0,
        0,
        511,
        511
      ]
    }
  ]
}