{
  "file": "08799.jpg",
  "num_classes": 1,
  "segments": [
    {
      "class_id": 1,
      "area": 262144,
      "pred_iou": 1.0260530710220337,
      "stability_score": 0.9999885559082031,
      "bbox_xywh": [
        0,
        0,
        511,
        511
      ]
    }
  ]
}