{
  "file": "08798.jpg",
  "num_classes": 2,
  "segments": [
    {
      "class_id": 1,
      "area": 262144,
      "pred_iou": 1.038284182548523,
      "stability_score": 0.9999504089355469,
      "bbox_xywh": [
        0,
        0,
        511,
        511
      ]
    },
    {
      "class_id": 2,
      "area": 358,
      "pred_iou": 0.8983874320983887,
      "stability_score": 0.9616438150405884,
      "bbox_xywh": [
        4,
        398,
        28,
        14
      ]
    }
  ]
}