{
  "file": "08894.jpg",
  "num_classes": 2,
  "segments": [
    {
      "class_id": 1,
      "area": 262144,
      "pred_iou": 1.0452263355255127,
      "stability_score": 0.9998359680175781,
      "bbox_xywh": [
        0,
        0,
        511,
        511
      ]
    },
    {
      "class_id": 2,
      "area": 189,
      "pred_iou": 0.9493421912193298,
      "stability_score": 0.9481865167617798,
      "bbox_xywh": [
        159,
        248,
        17,
        11
      ]
    }
  ]
}