{
  "file": "08898.jpg",
  "num_classes": 2,
  "segments": [
    {
      "class_id": 1,
      "area": 262142,
      "pred_iou": 1.04267418384552,
      "stability_score": 0.9994850158691406,
      "bbox_xywh": [
        0,
        0,
        511,
        511
      ]
    },
    {
      "class_id": 2,
      "area": 52,
      "pred_iou": 0.919583261013031,
      "stability_score": 0.9615384340286255,
      "bbox_xywh": [
        165,
        377,
        6,
        7
      ]
    }
  ]
}