{
  "file": "08897.jpg",
  "num_classes": 1,
  "segments": [
    {
      "class_id": 1,
      "area": 262144,
      "pred_iou": 1.0302987098693848,
      "stability_score": 0.9999351501464844,
      "bbox_xywh": [
        0,
        0,
        511,
        511
      ]
    }
  ]
}