{
  "file": "08895.jpg",
  "num_classes": 1,
  "segments": [
    {
      "class_id": 1,
      "area": 262144,
      "pred_iou": 1.0354127883911133,
      "stability_score": 0.9999198913574219,
      "bbox_xywh": [
        0,
        0,
        511,
        511
      ]
    }
  ]
}