{
  "file": "08893.jpg",
  "num_classes": 1,
  "segments": [
    {
      "class_id": 1,
      "area": 262144,
      "pred_iou": 1.0411137342453003,
      "stability_score": 0.9999580383300781,
      "bbox_xywh": [
        0,
        0,
        511,
        511
      ]
    }
  ]
}