{
  "file": "08904.jpg",
  "num_classes": 2,
  "segments": [
    {
      "class_id": 1,
      "area": 262103,
      "pred_iou": 1.0459494590759277,
      "stability_score": 0.9974708557128906,
      "bbox_xywh": [
        0,
        0,
        511,
        511
      ]
    },
    {
      "class_id": 2,
      "area": 51,
      "pred_iou": 0.8938709497451782,
      "stability_score": 0.9622641801834106,
      "bbox_xywh": [
        199,
        113,
        5,
        9
      ]
    }
  ]
}