{
  "file": "08909.jpg",
  "num_classes": 2,
  "segments": [
    {
      "class_id": 1,
      "area": 262144,
      "pred_iou": 1.0332200527191162,
      "stability_score": 0.9998283386230469,
      "bbox_xywh": [
        0,
        0,
        511,
        511
      ]
    },
    {
      "class_id": 2,
      "area": 1095,
      "pred_iou": 0.8788909912109375,
      "stability_score": 0.9226086735725403,
      "bbox_xywh": [
        256,
        84,
        21,
        87
      ]
    }
  ]
}