{
  "file": "08908.jpg",
  "num_classes": 2,
  "segments": [
    {
      "class_id": 1,
      "area": 262144,
      "pred_iou": 1.042140007019043,
      "stability_score": 0.9995269775390625,
      "bbox_xywh": [
        0,
        0,
        511,
        511
      ]
    },
    {
      "class_id": 2,
      "area": 64,
      "pred_iou": 0.9100860953330994,
      "stability_score": 0.96875,
      "bbox_xywh": [
        137,
        325,
        8,
        8
      ]
    }
  ]
}