{
  "file": "08912.jpg",
  "num_classes": 1,
  "segments": [
    {
      "class_id": 1,
      "area": 262144,
      "pred_iou": 1.051196575164795,
      "stability_score": 0.9985809326171875,
      "bbox_xywh": [
        0,
        0,
        511,
        511
      ]
    }
  ]
}