{
  "file": "08910.jpg",
  "num_classes": 1,
  "segments": [
    {
      "class_id": 1,
      "area": 262144,
      "pred_iou": 1.0422223806381226,
      "stability_score": 0.9997520446777344,
      "bbox_xywh": [
        0,
        0,
        511,
        511
      ]
    }
  ]
}