{
  "file": "08914.jpg",
  "num_classes": 1,
  "segments": [
    {
      "class_id": 1,
      "area": 262144,
      "pred_iou": 1.028027057647705,
      "stability_score": 0.9998588562011719,
      "bbox_xywh": [
        0,
        0,
        511,
        511
      ]
    }
  ]
}