{
  "file": "08915.jpg",
  "num_classes": 1,
  "segments": [
    {
      "class_id": 1,
      "area": 262144,
      "pred_iou": 1.0377877950668335,
      "stability_score": 0.9997444152832031,
      "bbox_xywh": [
        0,
        0,
        511,
        511
      ]
    }
  ]
}