{
  "file": "09428.jpg",
  "num_classes": 2,
  "segments": [
    {
      "class_id": 1,
      "area": 262143,
      "pred_iou": 1.0204169750213623,
      "stability_score": 0.9955978393554688,
      "bbox_xywh": [
        0,
        0,
        511,
        511
      ]
    },
    {
      "class_id": 2,
      "area": 134262,
      "pred_iou": 0.9783153533935547,
      "stability_score": 0.9202494025230408,
      "bbox_xywh": [
        0,
        0,
        511,
        302
      ]
    }
  ]
}