{
  "file": "09648.jpg",
  "num_classes": 1,
  "segments": [
    {
      "class_id": 1,
      "area": 262144,
      "pred_iou": 1.0274417400360107,
      "stability_score": 0.9999847412109375,
      "bbox_xywh": [
        0,
        0,
        511,
        511
      ]
    }
  ]
}