{
  "file": "09649.jpg",
  "num_classes": 3,
  "segments": [
    {
      "class_id": 1,
      "area": 262144,
      "pred_iou": 1.0264183282852173,
      "stability_score": 0.9997520446777344,
      "bbox_xywh": [
        0,
        0,
        511,
        511
      ]
    },
    {
      "class_id": 2,
      "area": 130799,
      "pred_iou": 0.9543286561965942,
      "stability_score": 0.9245256781578064,
      "bbox_xywh": [
        0,
        0,
        511,
        270
      ]
    },
    {
      "class_id": 3,
      "area": 178,
      "pred_iou": 0.92326420545578,
      "stability_score": 0.9615384340286255,
      "bbox_xywh": [
        451,
        241,
        8,
        27
      ]
    }
  ]
}